Workbook

Sheet Test Credentials
A1: Navigation Smoke Test — Login Credentials
A3: Step | B3: Role | C3: Email | D3: Password | E3: Distributor
A4: 1 | B4: Super Admin | C4: admin@mygaslink.com | D4: Admin@123 | E4: N/A (platform-level)
A5: 2 | B5: Distributor Admin (GST OFF) | C5: bhargava@gasagency.com | D5: Distadmin@123 | E5: Bhargava Gas Agency
A6: 3 | B6: Distributor Admin (GST ON) | C6: sharma@gasdist.com | D6: Gstadmin@123 | E6: Sharma Gas Distributors
A7: 4 | B7: Finance | C7: finance@gasagency.com | D7: Finance@123 | E7: Bhargava Gas Agency
A8: 5 | B8: Inventory | C8: inventory@gasagency.com | D8: Inventory@123 | E8: Bhargava Gas Agency
A9: 6 | B9: Driver | C9: raju@gasagency.com | D9: Driver@123 | E9: Bhargava Gas Agency
A10: 7 | B10: Customer | C10: royal@kitchen.com | D10: Customer@123 | E10: Bhargava Gas Agency (Royal Kitchen)

Sheet Step 1 - Super Admin
A1: Step 1: Super Admin (admin@mygaslink.com) — Navigate to each URL. Mark PASS if the page loads with data. Mark FAIL if it errors, shows blank, or kicks you out.
A3: # | B3: Screen Name | C3: URL Path | D3: Expected Behavior | E3: Result | F3: Error / Notes
A4: 1.1 | B4: Login | C4: /login | D4: Login form loads → enter credentials → redirects to /app/analytics
A5: 1.2 | B5: Analytics Dashboard | C5: /app/analytics | D5: Dashboard loads with charts, KPIs, and metrics
A6: 1.3 | B6: Orders | C6: /app/orders | D6: Orders list loads with table data (11 seeded orders)
A7: 1.4 | B7: Inventory | C7: /app/inventory | D7: Inventory page loads with stock levels, events
A8: 1.5 | B8: Customers | C8: /app/customers | D8: Customer list loads (5 seeded customers)
A9: 1.6 | B9: Billing & Payments | C9: /app/billing-payments | D9: Invoices tab loads with 4 invoices, Payments tab works
A10: 1.7 | B10: Fleet | C10: /app/fleet | D10: Drivers (3), Vehicles (2), Assignments tabs load
A11: 1.8 | B11: Collections | C11: /app/collections | D11: Collections page loads
A12: 1.9 | B12: Settings | C12: /app/settings | D12: All tabs load: General, GST, Thresholds, Users, etc.
A13: 1.10 | B13: Distributors | C13: /app/distributors | D13: Distributor management page loads (2 distributors)
A14: 1.11 | B14: Provider Catalog | C14: /app/provider-catalog | D14: Catalog management page loads
A15: 1.12 | B15: Health Monitoring | C15: /app/health | D15: Health monitoring dashboard loads

Sheet Step 2 - Dist Admin (GST OFF)
A1: Step 2: Distributor Admin GST OFF (bhargava@gasagency.com) — Navigate to each URL. Mark PASS if the page loads with data. Mark FAIL if it errors, shows blank, or kicks you out.
A3: # | B3: Screen Name | C3: URL Path | D3: Expected Behavior | E3: Result | F3: Error / Notes
A4: 2.1 | B4: Login | C4: /login | D4: Login → redirects to /app/analytics
A5: 2.2 | B5: Analytics Dashboard | C5: /app/analytics | D5: Dashboard loads with Bhargava Gas Agency data
A6: 2.3 | B6: Orders | C6: /app/orders | D6: Orders list for this distributor
A7: 2.4 | B7: Inventory | C7: /app/inventory | D7: Inventory for this distributor
A8: 2.5 | B8: Customers | C8: /app/customers | D8: Customer list for this distributor (5 customers)
A9: 2.6 | B9: Billing & Payments | C9: /app/billing-payments | D9: Billing data loads, NO GST columns
A10: 2.7 | B10: Fleet | C10: /app/fleet | D10: Fleet management loads (3 drivers, 2 vehicles)
A11: 2.8 | B11: Collections | C11: /app/collections | D11: Collections page loads
A12: 2.9 | B12: Settings | C12: /app/settings | D12: Settings loads with all tabs. GST tab shows "disabled"
A13: 2.10 | B13: Distributors (BLOCKED) | C13: /app/distributors | D13: Should NOT be accessible — redirect or blank/403
A14: 2.11 | B14: Provider Catalog (BLOCKED) | C14: /app/provider-catalog | D14: Should NOT be accessible
A15: 2.12 | B15: Health Monitoring (BLOCKED) | C15: /app/health | D15: Should NOT be accessible

Sheet Step 3 - Dist Admin (GST ON)
A1: Step 3: Distributor Admin GST ON (sharma@gasdist.com) — Navigate to each URL. Mark PASS if the page loads with data. Mark FAIL if it errors, shows blank, or kicks you out.
A3: # | B3: Screen Name | C3: URL Path | D3: Expected Behavior | E3: Result | F3: Error / Notes
A4: 3.1 | B4: Login | C4: /login | D4: Login → redirects to /app/analytics
A5: 3.2 | B5: Analytics Dashboard | C5: /app/analytics | D5: Dashboard loads with Sharma Gas data
A6: 3.3 | B6: Orders | C6: /app/orders | D6: Orders list loads (may be empty for this distributor)
A7: 3.4 | B7: Inventory | C7: /app/inventory | D7: Inventory loads (may be empty for this distributor)
A8: 3.5 | B8: Customers | C8: /app/customers | D8: Customer list loads (3 GST customers)
A9: 3.6 | B9: Billing & Payments | C9: /app/billing-payments | D9: Billing loads, GST columns (CGST/SGST/IGST) visible
A10: 3.7 | B10: Fleet | C10: /app/fleet | D10: Fleet loads (1 driver, 1 vehicle)
A11: 3.8 | B11: Collections | C11: /app/collections | D11: Collections page loads
A12: 3.9 | B12: Settings | C12: /app/settings | D12: Settings loads, GST tab shows sandbox config

Sheet Step 4 - Finance
A1: Step 4: Finance (finance@gasagency.com) — Navigate to each URL. Mark PASS if the page loads with data. Mark FAIL if it errors, shows blank, or kicks you out.
A3: # | B3: Screen Name | C3: URL Path | D3: Expected Behavior | E3: Result | F3: Error / Notes
A4: 4.1 | B4: Login | C4: /login | D4: Login → redirects to /app/analytics
A5: 4.2 | B5: Analytics Dashboard | C5: /app/analytics | D5: Dashboard loads (finance-relevant view)
A6: 4.3 | B6: Billing & Payments | C6: /app/billing-payments | D6: Full billing access — invoices, payments tabs
A7: 4.4 | B7: Collections | C7: /app/collections | D7: Collections page loads
A8: 4.5 | B8: Orders (BLOCKED) | C8: /app/orders | D8: Should NOT be accessible — redirect or 403
A9: 4.6 | B9: Inventory (BLOCKED) | C9: /app/inventory | D9: Should NOT be accessible
A10: 4.7 | B10: Customers (BLOCKED) | C10: /app/customers | D10: Should NOT be accessible
A11: 4.8 | B11: Fleet (BLOCKED) | C11: /app/fleet | D11: Should NOT be accessible
A12: 4.9 | B12: Settings (BLOCKED) | C12: /app/settings | D12: Should NOT be accessible

Sheet Step 5 - Inventory
A1: Step 5: Inventory (inventory@gasagency.com) — Navigate to each URL. Mark PASS if the page loads with data. Mark FAIL if it errors, shows blank, or kicks you out.
A3: # | B3: Screen Name | C3: URL Path | D3: Expected Behavior | E3: Result | F3: Error / Notes
A4: 5.1 | B4: Login | C4: /login | D4: Login → redirects to /app/analytics
A5: 5.2 | B5: Analytics Dashboard | C5: /app/analytics | D5: Dashboard loads
A6: 5.3 | B6: Orders | C6: /app/orders | D6: Orders list loads
A7: 5.4 | B7: Inventory | C7: /app/inventory | D7: Full inventory access — stock, events, thresholds
A8: 5.5 | B8: Fleet | C8: /app/fleet | D8: Fleet management loads
A9: 5.6 | B9: Customers (BLOCKED) | C9: /app/customers | D9: Should NOT be accessible
A10: 5.7 | B10: Billing (BLOCKED) | C10: /app/billing-payments | D10: Should NOT be accessible
A11: 5.8 | B11: Settings (BLOCKED) | C11: /app/settings | D11: Should NOT be accessible

Sheet Step 6 - Driver
A1: Step 6: Driver (raju@gasagency.com) — Navigate to each URL. Mark PASS if the page loads with data. Mark FAIL if it errors, shows blank, or kicks you out.
A3: # | B3: Screen Name | C3: URL Path | D3: Expected Behavior | E3: Result | F3: Error / Notes
A4: 6.1 | B4: Login | C4: /login | D4: Login → redirects to /app/analytics
A5: 6.2 | B5: Analytics Dashboard | C5: /app/analytics | D5: Dashboard loads (driver-relevant view)
A6: 6.3 | B6: Orders | C6: /app/orders | D6: Orders page loads (assigned orders for this driver)
A7: 6.4 | B7: Inventory (BLOCKED) | C7: /app/inventory | D7: Should NOT be accessible
A8: 6.5 | B8: Customers (BLOCKED) | C8: /app/customers | D8: Should NOT be accessible
A9: 6.6 | B9: Billing (BLOCKED) | C9: /app/billing-payments | D9: Should NOT be accessible
A10: 6.7 | B10: Fleet (BLOCKED) | C10: /app/fleet | D10: Should NOT be accessible
A11: 6.8 | B11: Settings (BLOCKED) | C11: /app/settings | D11: Should NOT be accessible

Sheet Step 7 - Customer
A1: Step 7: Customer (royal@kitchen.com) — Navigate to each URL. Mark PASS if the page loads with data. Mark FAIL if it errors, shows blank, or kicks you out.
A3: # | B3: Screen Name | C3: URL Path | D3: Expected Behavior | E3: Result | F3: Error / Notes
A4: 7.1 | B4: Login | C4: /login | D4: Login → redirects to /app/customer/dashboard (NOT /app/analytics)
A5: 7.2 | B5: Customer Dashboard | C5: /app/customer/dashboard | D5: Customer dashboard loads with order summary
A6: 7.3 | B6: Customer Orders | C6: /app/customer/orders | D6: Order history loads
A7: 7.4 | B7: Customer Invoices | C7: /app/customer/invoices | D7: Invoice list loads
A8: 7.5 | B8: Customer Payments | C8: /app/customer/payments | D8: Payment history loads
A9: 7.6 | B9: Customer Account | C9: /app/customer/account | D9: Account settings/profile loads
A10: 7.7 | B10: Admin Dashboard (BLOCKED) | C10: /app/analytics | D10: Should redirect to customer portal, NOT load admin
A11: 7.8 | B11: Admin Orders (BLOCKED) | C11: /app/orders | D11: Should NOT be accessible

Sheet Summary
A1: Navigation Smoke Test — Results Summary
A3: Step | B3: Role | C3: Total Screens | D3: Passed | E3: Failed | F3: Blocked OK | G3: Issues Found
A4: 1 | B4: Super Admin | C4: 12 | D4: =COUNTIF('Step 1 - Super Admin'!E4:E15,"PASS") | E4: =COUNTIF('Step 1 - Super Admin'!E4:E15,"FAIL") | F4: =C4-D4-E4
A5: 2 | B5: Dist Admin (GST OFF) | C5: 12 | D5: =COUNTIF('Step 2 - Dist Admin (GST OFF)'!E4:E15,"PASS") | E5: =COUNTIF('Step 2 - Dist Admin (GST OFF)'!E4:E15,"FAIL") | F5: =C5-D5-E5
A6: 3 | B6: Dist Admin (GST ON) | C6: 9 | D6: =COUNTIF('Step 3 - Dist Admin (GST ON)'!E4:E12,"PASS") | E6: =COUNTIF('Step 3 - Dist Admin (GST ON)'!E4:E12,"FAIL") | F6: =C6-D6-E6
A7: 4 | B7: Finance | C7: 9 | D7: =COUNTIF('Step 4 - Finance'!E4:E12,"PASS") | E7: =COUNTIF('Step 4 - Finance'!E4:E12,"FAIL") | F7: =C7-D7-E7
A8: 5 | B8: Inventory | C8: 8 | D8: =COUNTIF('Step 5 - Inventory'!E4:E11,"PASS") | E8: =COUNTIF('Step 5 - Inventory'!E4:E11,"FAIL") | F8: =C8-D8-E8
A9: 6 | B9: Driver | C9: 8 | D9: =COUNTIF('Step 6 - Driver'!E4:E11,"PASS") | E9: =COUNTIF('Step 6 - Driver'!E4:E11,"FAIL") | F9: =C9-D9-E9
A10: 7 | B10: Customer | C10: 8 | D10: =COUNTIF('Step 7 - Customer'!E4:E11,"PASS") | E10: =COUNTIF('Step 7 - Customer'!E4:E11,"FAIL") | F10: =C10-D10-E10
B11: TOTAL | C11: =SUM(C4:C10) | D11: =SUM(D4:D10) | E11: =SUM(E4:E10) | F11: =SUM(F4:F10)
